hour_of_day,day_of_week,month,quarter,temperature,rain,event_flag,peak_hour_flag,weekend_flag,zone_encoded,traffic_encoded,zone_id,predicted_demand,demand_proba
0,0,5,2,24.8463588908956,0,0,0,0,0,1,Zone_01,LOW,0.951163941765536
1,0,5,2,20.979307269299902,0,1,0,0,0,1,Zone_01,HIGH,0.6656695594309219
2,0,5,2,25.225275059375836,0,0,0,0,0,1,Zone_01,LOW,0.9583951944424346
3,0,5,2,19.749654853893613,0,0,0,0,0,1,Zone_01,LOW,0.9620506860847178
4,0,5,2,21.587003100546827,0,0,0,0,0,1,Zone_01,LOW,0.9597792113198286
5,0,5,2,25.531848908170872,0,1,0,0,0,1,Zone_01,HIGH,0.6054804483894509
6,0,5,2,21.794789257160456,0,0,0,0,0,1,Zone_01,LOW,0.6219162539911169
7,0,5,2,17.278087182434952,0,0,1,0,0,0,Zone_01,HIGH,0.868248902657716
8,0,5,2,24.829439240628872,0,0,1,0,0,2,Zone_01,HIGH,0.639303723931886
9,0,5,2,21.66946105738265,0,0,1,0,0,2,Zone_01,HIGH,0.6042099841540469
10,0,5,2,16.414957714731315,1,0,0,0,0,2,Zone_01,MEDIUM,0.5431347799717882
11,0,5,2,17.12155708964694,0,1,0,0,0,2,Zone_01,HIGH,0.9119221900498801
12,0,5,2,18.995390287158035,0,0,0,0,0,0,Zone_01,MEDIUM,0.9342529173482333
13,0,5,2,27.629176680415863,0,0,0,0,0,2,Zone_01,MEDIUM,0.54032050420442
14,0,5,2,19.028340858578904,0,0,0,0,0,2,Zone_01,MEDIUM,0.5477698030547198
15,0,5,2,14.449796638381722,0,0,0,0,0,2,Zone_01,MEDIUM,0.5497038095029706
16,0,5,2,21.61414696895312,1,0,0,0,0,2,Zone_01,MEDIUM,0.5186203903148556
17,0,5,2,30.633863620785334,0,0,1,0,0,2,Zone_01,HIGH,0.7247964871804021
18,0,5,2,31.938187744998814,0,0,1,0,0,0,Zone_01,HIGH,0.8662217100292549
19,0,5,2,18.748567593650534,0,0,1,0,0,0,Zone_01,HIGH,0.9289138169523323
20,0,5,2,30.28212146971847,0,0,0,0,0,1,Zone_01,LOW,0.6121952814402021
21,0,5,2,17.5690776392116,0,0,0,0,0,2,Zone_01,MEDIUM,0.5237398366875567
22,0,5,2,22.695666477315708,1,0,0,0,0,0,Zone_01,MEDIUM,0.9098457908741021
23,0,5,2,13.530755139441895,0,0,0,0,0,2,Zone_01,MEDIUM,0.5594339332953951
0,0,5,2,27.563627722993356,0,0,0,0,1,1,Zone_02,LOW,0.9407283435036851
1,0,5,2,19.458022063101758,0,0,0,0,1,1,Zone_02,LOW,0.9648184358990588
2,0,5,2,25.97925466682957,0,0,0,0,1,1,Zone_02,LOW,0.9621970763524188
3,0,5,2,24.826381753235236,0,0,0,0,1,1,Zone_02,LOW,0.965785960667749
4,0,5,2,16.466567376216894,0,0,0,0,1,1,Zone_02,LOW,0.9648142601136566
5,0,5,2,10.030163629527385,0,0,0,0,1,1,Zone_02,LOW,0.9577645779591992
6,0,5,2,20.289414882865685,0,0,0,0,1,2,Zone_02,MEDIUM,0.5334283272188993
7,0,5,2,19.640366739332393,0,1,1,0,1,2,Zone_02,HIGH,0.9793699660140698
8,0,5,2,24.43167598620851,1,0,1,0,1,0,Zone_02,HIGH,0.8648176790676483
9,0,5,2,19.152638647407514,0,0,1,0,1,2,Zone_02,HIGH,0.5795399932388862
10,0,5,2,30.588650248301178,1,0,0,0,1,2,Zone_02,MEDIUM,0.5243577089070567
11,0,5,2,19.709366035569953,0,1,0,0,1,1,Zone_02,HIGH,0.8942783731478758
12,0,5,2,15.832380281362186,0,0,0,0,1,0,Zone_02,MEDIUM,0.9102423008091829
13,0,5,2,22.914503508073835,1,0,0,0,1,1,Zone_02,LOW,0.6267418978242043
14,0,5,2,22.1112236927028,0,0,0,0,1,1,Zone_02,LOW,0.6167484130863872
15,0,5,2,19.85465703222004,0,0,0,0,1,2,Zone_02,MEDIUM,0.5655596764109198
16,0,5,2,25.185564164062203,1,0,0,0,1,2,Zone_02,MEDIUM,0.5225232924040942
17,0,5,2,22.653114886311265,0,0,1,0,1,2,Zone_02,HIGH,0.8045829628763792
18,0,5,2,21.62093066847041,0,0,1,0,1,0,Zone_02,HIGH,0.9467104572974883
19,0,5,2,25.906509055252464,0,0,1,0,1,0,Zone_02,HIGH,0.9502104748812369
20,0,5,2,18.91539025454764,1,0,0,0,1,0,Zone_02,MEDIUM,0.9193213249733766
21,0,5,2,20.188588857901383,0,0,0,0,1,1,Zone_02,LOW,0.6316127979024686
22,0,5,2,16.61007552874647,0,0,0,0,1,1,Zone_02,LOW,0.614628911631948
23,0,5,2,12.837870166357119,0,1,0,0,1,2,Zone_02,HIGH,0.9250754026966281
0,0,5,2,32.48997561937028,0,0,0,0,2,1,Zone_03,LOW,0.9550019338626499
1,0,5,2,32.60301298882807,0,0,0,0,2,1,Zone_03,LOW,0.9527967281296215
2,0,5,2,27.2399342993402,0,0,0,0,2,1,Zone_03,LOW,0.9568393382468982
3,0,5,2,21.29667793766193,0,0,0,0,2,1,Zone_03,LOW,0.9608513987272426
4,0,5,2,17.332234824885738,0,0,0,0,2,1,Zone_03,LOW,0.9622179769195539
5,0,5,2,17.5205223031542,0,0,0,0,2,1,Zone_03,LOW,0.9622179769195539
6,0,5,2,17.176990745146377,0,0,0,0,2,1,Zone_03,LOW,0.5790288560282488
7,0,5,2,26.591913081525274,0,0,1,0,2,0,Zone_03,HIGH,0.9285243629976346
8,0,5,2,19.31695761885995,0,0,1,0,2,2,Zone_03,HIGH,0.6326306813509344
9,0,5,2,31.560336869998686,0,0,1,0,2,0,Zone_03,HIGH,0.8695098117004885
10,0,5,2,21.911042866642752,0,1,0,0,2,1,Zone_03,HIGH,0.8983300762773498
11,0,5,2,32.22643928340279,0,0,0,0,2,2,Zone_03,MEDIUM,0.530524201281602
12,0,5,2,21.360341236309115,0,0,0,0,2,2,Zone_03,MEDIUM,0.5594572274021117
13,0,5,2,21.743888538398394,0,0,0,0,2,0,Zone_03,MEDIUM,0.9453122270512924
14,0,5,2,15.011191025691726,0,0,0,0,2,2,Zone_03,MEDIUM,0.5827499576752957
15,0,5,2,26.240541063088315,0,0,0,0,2,0,Zone_03,MEDIUM,0.9472336148901163
16,0,5,2,30.818253216026974,0,0,0,0,2,1,Zone_03,LOW,0.6234424860585843
17,0,5,2,23.925585010599605,0,0,1,0,2,0,Zone_03,HIGH,0.9529250259219925
18,0,5,2,31.151181368429246,0,0,1,0,2,0,Zone_03,HIGH,0.9297861917339755
19,0,5,2,27.916576156380486,0,1,1,0,2,2,Zone_03,HIGH,0.991853930206091
20,0,5,2,16.44862364782619,0,0,0,0,2,0,Zone_03,MEDIUM,0.922929451411388
21,0,5,2,19.94572626397191,0,0,0,0,2,2,Zone_03,MEDIUM,0.5534815238090384
22,0,5,2,18.82082770668672,0,1,0,0,2,2,Zone_03,HIGH,0.9452415420537131
23,0,5,2,30.933172635359778,0,0,0,0,2,2,Zone_03,MEDIUM,0.5482559368640354
0,0,5,2,16.45691455981207,1,0,0,0,3,1,Zone_04,LOW,0.9682125067303708
1,0,5,2,26.45161957157809,0,0,0,0,3,1,Zone_04,LOW,0.9543643225911188
2,0,5,2,25.74587361685205,1,0,0,0,3,1,Zone_04,LOW,0.9449326714959091
3,0,5,2,19.55328157350118,0,0,0,0,3,1,Zone_04,LOW,0.9717980770592435
4,0,5,2,23.797901596498765,1,0,0,0,3,1,Zone_04,LOW,0.973299280384646
5,0,5,2,22.53408466827474,0,0,0,0,3,1,Zone_04,LOW,0.9708957985437604
6,0,5,2,25.87196791276253,0,1,0,0,3,0,Zone_04,HIGH,0.922850295032121
7,0,5,2,16.852761252132716,0,0,1,0,3,2,Zone_04,HIGH,0.651687953109569
8,0,5,2,23.538147925339803,0,0,1,0,3,0,Zone_04,HIGH,0.9080516004339358
9,0,5,2,22.420936180531456,1,0,1,0,3,0,Zone_04,HIGH,0.9170973406613864
10,0,5,2,23.643963013009195,1,0,0,0,3,2,Zone_04,MEDIUM,0.5765479916893888
11,0,5,2,18.723401428484692,0,0,0,0,3,1,Zone_04,LOW,0.576335869426212
12,0,5,2,15.653015604297815,0,0,0,0,3,2,Zone_04,MEDIUM,0.5947574967376391
13,0,5,2,21.31906049909945,0,1,0,0,3,1,Zone_04,HIGH,0.9283005463003697
14,0,5,2,18.21919752885739,0,0,0,0,3,2,Zone_04,MEDIUM,0.5916969074975136
15,0,5,2,30.840639749775157,0,0,0,0,3,2,Zone_04,MEDIUM,0.5670739640088714
16,0,5,2,16.496446384870534,1,0,0,0,3,1,Zone_04,LOW,0.6006827646725295
17,0,5,2,24.542679329738775,0,0,1,0,3,0,Zone_04,HIGH,0.9568351464235897
18,0,5,2,28.060199686402342,0,0,1,0,3,0,Zone_04,HIGH,0.95456657713227
19,0,5,2,25.22462962775695,0,0,1,0,3,0,Zone_04,HIGH,0.9562420103435493
20,0,5,2,26.12852044585309,0,1,0,0,3,1,Zone_04,HIGH,0.9506296090091876
21,0,5,2,27.915103208387656,0,0,0,0,3,0,Zone_04,MEDIUM,0.9514947178447454
22,0,5,2,22.153506053432967,0,0,0,0,3,0,Zone_04,MEDIUM,0.9310660696893447
23,0,5,2,27.4185858388315,0,0,0,0,3,0,Zone_04,MEDIUM,0.9504436129967192
0,0,5,2,20.902555355550515,1,1,0,0,4,1,Zone_05,HIGH,0.7470980577435897
1,0,5,2,26.944940729929442,0,0,0,0,4,1,Zone_05,LOW,0.9654179033028424
2,0,5,2,24.452596652107914,0,0,0,0,4,1,Zone_05,LOW,0.9646085367017462
3,0,5,2,25.730816734589563,0,0,0,0,4,1,Zone_05,LOW,0.97174880723529
4,0,5,2,21.081920264409447,0,0,0,0,4,1,Zone_05,LOW,0.9718444955291475
5,0,5,2,18.225611018953458,0,1,0,0,4,1,Zone_05,HIGH,0.7151242485555933
6,0,5,2,24.48355711909523,1,0,0,0,4,1,Zone_05,LOW,0.6004168502008138
7,0,5,2,22.44143826295498,1,0,1,0,4,2,Zone_05,HIGH,0.626401323458825
8,0,5,2,29.571839485782313,0,0,1,0,4,0,Zone_05,HIGH,0.9064302337645224
9,0,5,2,21.51406723820765,0,0,1,0,4,0,Zone_05,HIGH,0.9343686613352052
10,0,5,2,27.7785781763213,0,0,0,0,4,2,Zone_05,MEDIUM,0.5891770043535309
11,0,5,2,18.423471637914382,0,0,0,0,4,2,Zone_05,MEDIUM,0.6032463070737019
12,0,5,2,23.083477954373837,0,0,0,0,4,1,Zone_05,LOW,0.5868425510108775
13,0,5,2,18.288231269671243,0,0,0,0,4,2,Zone_05,MEDIUM,0.6014581716104932
14,0,5,2,24.873914075704963,0,0,0,0,4,1,Zone_05,LOW,0.6067206086534378
15,0,5,2,22.358949536283255,1,0,0,0,4,0,Zone_05,MEDIUM,0.9323811744890582
16,0,5,2,16.94974305279303,1,0,0,0,4,2,Zone_05,MEDIUM,0.5741227422913862
17,0,5,2,13.773576313841518,1,0,1,0,4,0,Zone_05,HIGH,0.9432581237601124
18,0,5,2,23.777510851835228,0,0,1,0,4,2,Zone_05,HIGH,0.8300086418878007
19,0,5,2,18.639328028769754,0,0,1,0,4,0,Zone_05,HIGH,0.9465547242926792
20,0,5,2,25.57499470257877,0,1,0,0,4,2,Zone_05,HIGH,0.9557549388055047
21,0,5,2,18.0473846512781,0,0,0,0,4,2,Zone_05,MEDIUM,0.5848211174140788
22,0,5,2,19.473355523987443,1,0,0,0,4,1,Zone_05,LOW,0.5908992769213998
23,0,5,2,20.96702862806885,0,0,0,0,4,2,Zone_05,MEDIUM,0.5975734444045513
0,0,5,2,30.297806379835393,0,0,0,0,5,1,Zone_06,LOW,0.9708033434070868
1,0,5,2,18.316629142101164,0,1,0,0,5,1,Zone_06,HIGH,0.7412843956974312
2,0,5,2,20.98236599974866,1,0,0,0,5,1,Zone_06,LOW,0.9744439218752318
3,0,5,2,10.542900104525973,0,0,0,0,5,1,Zone_06,LOW,0.9644879830655532
4,0,5,2,21.58443847057696,0,0,0,0,5,1,Zone_06,LOW,0.9748051642181297
5,0,5,2,22.36253841817515,0,0,0,0,5,1,Zone_06,LOW,0.9739760088311644
6,0,5,2,18.48203775828679,0,0,0,0,5,1,Zone_06,LOW,0.5576604405749257
7,0,5,2,21.13480318516191,0,0,1,0,5,0,Zone_06,HIGH,0.9128855207328919
8,0,5,2,21.26733074564951,0,0,1,0,5,0,Zone_06,HIGH,0.891610355100684
9,0,5,2,22.975958956425462,0,1,1,0,5,0,Zone_06,HIGH,0.984528814557514
10,0,5,2,13.287150266976871,0,0,0,0,5,2,Zone_06,MEDIUM,0.6000140432132518
11,0,5,2,20.720336733771628,0,0,0,0,5,2,Zone_06,MEDIUM,0.5999883135670732
12,0,5,2,23.219757560631674,1,0,0,0,5,0,Zone_06,MEDIUM,0.928481057588005
13,0,5,2,17.448375896298117,0,0,0,0,5,1,Zone_06,LOW,0.5851438260923928
14,0,5,2,23.183234651171407,0,0,0,0,5,2,Zone_06,MEDIUM,0.5934571230018032
15,0,5,2,21.586238369007418,1,1,0,0,5,2,Zone_06,HIGH,0.9472926652666962
16,0,5,2,20.86844123331346,0,0,0,0,5,1,Zone_06,LOW,0.5850361963744732
17,0,5,2,10.155747204074933,0,0,1,0,5,2,Zone_06,HIGH,0.7987366547599071
18,0,5,2,25.462489530108105,1,0,1,0,5,0,Zone_06,HIGH,0.9331145624817343
19,0,5,2,22.6739225361218,0,0,1,0,5,0,Zone_06,HIGH,0.9404013546785542
20,0,5,2,33.28111885792574,0,0,0,0,5,2,Zone_06,MEDIUM,0.5696676938611155
21,0,5,2,25.513266679251405,0,0,0,0,5,0,Zone_06,MEDIUM,0.9447526511665616
22,0,5,2,18.33394131412863,0,0,0,0,5,2,Zone_06,MEDIUM,0.5935100444029693
23,0,5,2,18.108249892140933,0,0,0,0,5,1,Zone_06,LOW,0.6077488566462436
0,0,5,2,20.349893137498743,0,0,0,0,6,1,Zone_07,LOW,0.964839404034148
1,0,5,2,18.874160522637442,1,0,0,0,6,1,Zone_07,LOW,0.9708072971975283
2,0,5,2,16.87161209023104,0,0,0,0,6,1,Zone_07,LOW,0.9680719449372901
3,0,5,2,21.13285687098703,0,0,0,0,6,1,Zone_07,LOW,0.9735430689023342
4,0,5,2,21.68608213496647,0,1,0,0,6,1,Zone_07,HIGH,0.7886809955442967
5,0,5,2,19.850716434382484,0,0,0,0,6,1,Zone_07,LOW,0.9729362752837541
6,0,5,2,23.474068519227714,0,0,0,0,6,2,Zone_07,MEDIUM,0.5810840500779747
7,0,5,2,18.318753545978787,0,0,1,0,6,2,Zone_07,HIGH,0.64298935859674
8,0,5,2,18.588138246847123,0,0,1,0,6,2,Zone_07,HIGH,0.6335651749778478
9,0,5,2,20.112904816119524,1,0,1,0,6,2,Zone_07,HIGH,0.6236407332689176
10,0,5,2,24.398926737555797,0,0,0,0,6,2,Zone_07,MEDIUM,0.5983687972578887
11,0,5,2,17.969245232318652,0,0,0,0,6,0,Zone_07,MEDIUM,0.9214674177421781
12,0,5,2,19.865779546434798,0,0,0,0,6,2,Zone_07,MEDIUM,0.5907291887589523
13,0,5,2,25.92775990769054,0,1,0,0,6,2,Zone_07,HIGH,0.9566452871643619
14,0,5,2,25.92428299650953,0,0,0,0,6,0,Zone_07,MEDIUM,0.9487919325364007
15,0,5,2,24.191566536740662,0,0,0,0,6,2,Zone_07,MEDIUM,0.5928582023263856
16,0,5,2,21.460061643353104,0,0,0,0,6,2,Zone_07,MEDIUM,0.5757256831721468
17,0,5,2,18.380671094741437,0,0,1,0,6,2,Zone_07,HIGH,0.8153569986631152
18,0,5,2,20.447749966966164,0,0,1,0,6,0,Zone_07,HIGH,0.9210431102769456
19,0,5,2,23.560268959512808,0,0,1,0,6,0,Zone_07,HIGH,0.9402024948993435
20,0,5,2,25.624909866022325,0,0,0,0,6,1,Zone_07,LOW,0.581832233138989
21,0,5,2,27.37881230153227,0,0,0,0,6,2,Zone_07,MEDIUM,0.5871100409988746
22,0,5,2,22.47855484783253,0,1,0,0,6,0,Zone_07,HIGH,0.9608762426121329
23,0,5,2,20.799801109886605,0,0,0,0,6,0,Zone_07,MEDIUM,0.9097832661137147
0,0,5,2,17.165468540148595,1,0,0,0,7,1,Zone_08,LOW,0.9593765994259574
1,0,5,2,21.61798535298912,0,0,0,0,7,1,Zone_08,LOW,0.9644670593734656
2,0,5,2,26.426371224808065,0,0,0,0,7,1,Zone_08,LOW,0.9557738739873506
3,0,5,2,26.796741237002593,0,0,0,0,7,1,Zone_08,LOW,0.9685479752988221
4,0,5,2,12.798982849896781,1,0,0,0,7,1,Zone_08,LOW,0.9711145262131149
5,0,5,2,24.620462010779395,0,0,0,0,7,1,Zone_08,LOW,0.9692903962071173
6,0,5,2,20.29574684460148,1,0,0,0,7,1,Zone_08,LOW,0.5602461099099177
7,0,5,2,19.770408410743688,0,0,1,0,7,0,Zone_08,HIGH,0.883375728075433
8,0,5,2,18.80713783491246,0,0,1,0,7,2,Zone_08,HIGH,0.6180759091181276
9,0,5,2,21.39290925202265,0,0,1,0,7,0,Zone_08,HIGH,0.9209886250528548
10,0,5,2,35.68731703238008,0,0,0,0,7,1,Zone_08,LOW,0.6599231207522455
11,0,5,2,34.181872224690586,0,0,0,0,7,1,Zone_08,LOW,0.6403970006448548
12,0,5,2,26.357552883556906,1,1,0,0,7,2,Zone_08,HIGH,0.9565223008646784
13,0,5,2,24.650543705733938,0,1,0,0,7,0,Zone_08,HIGH,0.9564257324142856
14,0,5,2,26.05867204060423,0,0,0,0,7,2,Zone_08,MEDIUM,0.6095709232927043
15,0,5,2,25.027180482203168,0,0,0,0,7,1,Zone_08,LOW,0.5941153181366148
16,0,5,2,23.1768817021124,0,0,0,0,7,1,Zone_08,LOW,0.5780382164571723
17,0,5,2,27.584063710634993,0,1,1,0,7,0,Zone_08,HIGH,0.9923918905192104
18,0,5,2,17.62943803481672,0,0,1,0,7,0,Zone_08,HIGH,0.9192353158699343
19,0,5,2,16.165152993716877,0,0,1,0,7,2,Zone_08,HIGH,0.8303799534560851
20,0,5,2,17.896372715284485,0,0,0,0,7,1,Zone_08,LOW,0.5605018186754959
21,0,5,2,23.39940655908616,1,0,0,0,7,2,Zone_08,MEDIUM,0.5771183688179486
22,0,5,2,17.49896047106644,0,0,0,0,7,0,Zone_08,MEDIUM,0.9162257910216044
23,0,5,2,14.744882870602428,1,0,0,0,7,2,Zone_08,MEDIUM,0.6087804547623833
0,0,5,2,26.60485045124617,0,0,0,0,8,1,Zone_09,LOW,0.9621234844598412
1,0,5,2,17.15443347450315,0,1,0,0,8,1,Zone_09,HIGH,0.819647147008418
2,0,5,2,26.57707441654156,0,0,0,0,8,1,Zone_09,LOW,0.963552305277524
3,0,5,2,22.40487345241508,0,0,0,0,8,1,Zone_09,LOW,0.9714572304195468
4,0,5,2,26.220541475006456,0,0,0,0,8,1,Zone_09,LOW,0.9697497072730628
5,0,5,2,16.33224730163009,0,0,0,0,8,1,Zone_09,LOW,0.9645068567187
6,0,5,2,24.41421496512524,0,0,0,0,8,0,Zone_09,MEDIUM,0.9379711381642659
7,0,5,2,27.693814864482448,0,0,1,0,8,2,Zone_09,HIGH,0.6233547188716481
8,0,5,2,16.713229335935285,1,0,1,0,8,0,Zone_09,HIGH,0.8268839109493284
9,0,5,2,17.998017946045362,0,0,1,0,8,0,Zone_09,HIGH,0.8913451903234184
10,0,5,2,17.07738758892644,0,0,0,0,8,1,Zone_09,LOW,0.5603375827249046
11,0,5,2,21.93197320446936,0,0,0,0,8,0,Zone_09,MEDIUM,0.9371178052646835
12,0,5,2,14.990587969402938,0,0,0,0,8,1,Zone_09,LOW,0.5737343597818233
13,0,5,2,18.524613680357067,0,0,0,0,8,2,Zone_09,MEDIUM,0.5967366626744506
14,0,5,2,18.431566537815346,0,0,0,0,8,0,Zone_09,MEDIUM,0.930345207704873
15,0,5,2,26.791944676778193,1,0,0,0,8,2,Zone_09,MEDIUM,0.5976300091624076
16,0,5,2,25.796513391758598,0,0,0,0,8,2,Zone_09,MEDIUM,0.5908746804203576
17,0,5,2,29.607868829822184,0,0,1,0,8,0,Zone_09,HIGH,0.9331476598757952
18,0,5,2,23.193822907091167,0,0,1,0,8,2,Zone_09,HIGH,0.8315161233280048
19,0,5,2,20.178746156600447,0,0,1,0,8,0,Zone_09,HIGH,0.8931433268769554
20,0,5,2,18.812794119331627,0,0,0,0,8,2,Zone_09,MEDIUM,0.5917772297812539
21,0,5,2,16.83353829543283,0,0,0,0,8,2,Zone_09,MEDIUM,0.5881923141524509
22,0,5,2,27.9683114926446,0,1,0,0,8,2,Zone_09,HIGH,0.9642580521335613
23,0,5,2,23.375694985709274,0,1,0,0,8,2,Zone_09,HIGH,0.9433574749311836
0,0,5,2,27.986959806225677,0,0,0,0,9,1,Zone_10,LOW,0.9384661915465066
1,0,5,2,21.28629466251196,0,0,0,0,9,1,Zone_10,LOW,0.9573848373899438
2,0,5,2,19.15122587857055,1,0,0,0,9,1,Zone_10,LOW,0.9645694220010261
3,0,5,2,15.037713084364258,0,0,0,0,9,1,Zone_10,LOW,0.9659864511641788
4,0,5,2,23.118040922023745,0,1,0,0,9,1,Zone_10,HIGH,0.7552166113363278
5,0,5,2,26.42138815544606,0,0,0,0,9,1,Zone_10,LOW,0.9459322965306884
6,0,5,2,27.93087603945465,0,0,0,0,9,1,Zone_10,LOW,0.5566665228857768
7,0,5,2,23.262973964419903,1,0,1,0,9,0,Zone_10,HIGH,0.874137125885599
8,0,5,2,33.418331259621205,0,0,1,0,9,0,Zone_10,HIGH,0.6923110185922302
9,0,5,2,21.5455567232132,0,0,1,0,9,0,Zone_10,HIGH,0.8970364270129504
10,0,5,2,19.610903270338145,1,0,0,0,9,1,Zone_10,LOW,0.5657278215542321
11,0,5,2,18.905276810518867,0,0,0,0,9,2,Zone_10,MEDIUM,0.6001128247330821
12,0,5,2,24.405271922324854,0,0,0,0,9,2,Zone_10,MEDIUM,0.607854551977932
13,0,5,2,12.953199584097488,0,0,0,0,9,1,Zone_10,LOW,0.5642793221677116
14,0,5,2,28.34733043851571,0,0,0,0,9,2,Zone_10,MEDIUM,0.6082234319275208
15,0,5,2,12.18752101440224,1,0,0,0,9,2,Zone_10,MEDIUM,0.5875904540087937
16,0,5,2,16.8399000345471,0,0,0,0,9,1,Zone_10,LOW,0.5652819063703828
17,0,5,2,21.737941615092215,0,0,1,0,9,0,Zone_10,HIGH,0.9080099407246205
18,0,5,2,26.927901738314887,1,0,1,0,9,2,Zone_10,HIGH,0.8279571954548568
19,0,5,2,14.622509177755617,0,0,1,0,9,0,Zone_10,HIGH,0.9398866466218209
20,0,5,2,11.888904132689579,0,0,0,0,9,0,Zone_10,MEDIUM,0.9449939871756089
21,0,5,2,19.883792444440303,0,1,0,0,9,1,Zone_10,HIGH,0.9184720810557974
22,0,5,2,18.57453646942374,0,1,0,0,9,1,Zone_10,HIGH,0.9215594979381782
23,0,5,2,23.479966977569987,0,0,0,0,9,1,Zone_10,LOW,0.5818035225491665
0,0,5,2,25.168926301721044,0,0,0,0,10,1,Zone_11,LOW,0.9495863833209617
1,0,5,2,26.45592380740381,0,1,0,0,10,1,Zone_11,HIGH,0.713839599305688
2,0,5,2,20.87015471669979,0,0,0,0,10,1,Zone_11,LOW,0.9607970680264919
3,0,5,2,29.50159397083104,1,0,0,0,10,1,Zone_11,LOW,0.9650043513441514
4,0,5,2,12.697705716416342,0,0,0,0,10,1,Zone_11,LOW,0.9609937332119495
5,0,5,2,19.523363846783816,0,0,0,0,10,1,Zone_11,LOW,0.9677468760491763
6,0,5,2,27.51993097592815,0,0,0,0,10,1,Zone_11,LOW,0.5562445659551841
7,0,5,2,25.02013457331035,0,0,1,0,10,2,Zone_11,HIGH,0.647396190882738
8,0,5,2,14.332562820512585,0,0,1,0,10,0,Zone_11,HIGH,0.8786187632034239
9,0,5,2,20.1050208072539,0,0,1,0,10,2,Zone_11,HIGH,0.6069479782440549
10,0,5,2,17.736369117554684,0,1,0,0,10,2,Zone_11,HIGH,0.9403672695430775
11,0,5,2,25.957789004791714,1,0,0,0,10,2,Zone_11,MEDIUM,0.6211069370593685
12,0,5,2,13.529527611106897,0,0,0,0,10,1,Zone_11,LOW,0.5664008120300252
13,0,5,2,23.43812867806937,0,1,0,0,10,2,Zone_11,HIGH,0.93977708832023
14,0,5,2,14.903512260936875,0,0,0,0,10,2,Zone_11,MEDIUM,0.603112315107661
15,0,5,2,22.746086334975097,1,0,0,0,10,0,Zone_11,MEDIUM,0.9198326445698239
16,0,5,2,17.498747645022217,0,0,0,0,10,2,Zone_11,MEDIUM,0.5837158328864598
17,0,5,2,24.019652897445404,0,0,1,0,10,0,Zone_11,HIGH,0.9034067831270731
18,0,5,2,24.29236489080977,0,0,1,0,10,0,Zone_11,HIGH,0.9021280795974387
19,0,5,2,26.287357128592316,0,0,1,0,10,2,Zone_11,HIGH,0.8140825843276447
20,0,5,2,28.62886337026635,0,0,0,0,10,2,Zone_11,MEDIUM,0.6041439768944418
21,0,5,2,20.2846311572528,1,0,0,0,10,0,Zone_11,MEDIUM,0.9199406253693357
22,0,5,2,18.871130024759463,0,0,0,0,10,2,Zone_11,MEDIUM,0.6006861275206108
23,0,5,2,18.657983830335304,0,0,0,0,10,1,Zone_11,LOW,0.5963652316949924
0,0,5,2,27.628967438376964,1,1,0,0,11,1,Zone_12,HIGH,0.7531927754389726
1,0,5,2,17.138329192553055,0,0,0,0,11,1,Zone_12,LOW,0.9582776209178947
2,0,5,2,24.27360608464449,0,0,0,0,11,1,Zone_12,LOW,0.966213697573132
3,0,5,2,27.63880677456399,1,0,0,0,11,1,Zone_12,LOW,0.9574863924121269
4,0,5,2,23.903053923622505,0,0,0,0,11,1,Zone_12,LOW,0.9687299776463436
5,0,5,2,18.29437742263449,0,0,0,0,11,1,Zone_12,LOW,0.9683373407467148
6,0,5,2,23.328366586267073,0,0,0,0,11,2,Zone_12,MEDIUM,0.5891831823011598
7,0,5,2,20.337203669723255,0,0,1,0,11,2,Zone_12,HIGH,0.6405435275463661
8,0,5,2,18.61894820694862,0,0,1,0,11,0,Zone_12,HIGH,0.8762517192885665
9,0,5,2,21.768388351172117,0,0,1,0,11,2,Zone_12,HIGH,0.6341463494012703
10,0,5,2,24.739446224144785,1,0,0,0,11,2,Zone_12,MEDIUM,0.6009160778123661
11,0,5,2,26.76818770205793,0,0,0,0,11,2,Zone_12,MEDIUM,0.5964115701809943
12,0,5,2,28.143224405189557,1,1,0,0,11,2,Zone_12,HIGH,0.9429424077634109
13,0,5,2,16.75695230753935,1,0,0,0,11,1,Zone_12,LOW,0.5824860841542392
14,0,5,2,27.43218045420008,0,0,0,0,11,2,Zone_12,MEDIUM,0.6049736079194163
15,0,5,2,16.226598342381333,0,0,0,0,11,1,Zone_12,LOW,0.5791138416330036
16,0,5,2,17.483253353266935,0,0,0,0,11,2,Zone_12,MEDIUM,0.5796939038060254
17,0,5,2,36.23975711612904,0,0,1,0,11,0,Zone_12,HIGH,0.858437673118081
18,0,5,2,22.87367544473664,0,1,1,0,11,0,Zone_12,HIGH,0.9723918905192105
19,0,5,2,13.834246820179404,0,0,1,0,11,0,Zone_12,HIGH,0.9234587501376436
20,0,5,2,22.363730287624257,0,0,0,0,11,2,Zone_12,MEDIUM,0.5888688080355128
21,0,5,2,25.558738817907017,0,0,0,0,11,2,Zone_12,MEDIUM,0.5960481930736126
22,0,5,2,23.1501434933853,0,0,0,0,11,0,Zone_12,MEDIUM,0.9570213022258058
23,0,5,2,19.898041961226603,0,0,0,0,11,0,Zone_12,MEDIUM,0.9428474085513198
0,0,5,2,24.260120535302164,0,0,0,0,12,1,Zone_13,LOW,0.9635974401412656
1,0,5,2,21.703967468584256,0,0,0,0,12,1,Zone_13,LOW,0.9627113290052448
2,0,5,2,21.079400873268014,0,0,0,0,12,1,Zone_13,LOW,0.9647281548506672
3,0,5,2,26.640656386853543,0,1,0,0,12,1,Zone_13,HIGH,0.7220823381350194
4,0,5,2,20.163013191765756,1,0,0,0,12,1,Zone_13,LOW,0.9703823405283942
5,0,5,2,24.250754893195335,0,0,0,0,12,1,Zone_13,LOW,0.9709280705101528
6,0,5,2,22.33146449660841,0,0,0,0,12,2,Zone_13,MEDIUM,0.5947482450152571
7,0,5,2,25.249566339657225,0,1,1,0,12,0,Zone_13,HIGH,0.9781442144636826
8,0,5,2,35.026384957197806,0,0,1,0,12,2,Zone_13,MEDIUM,0.4965287137264307
9,0,5,2,19.994465965050594,0,0,1,0,12,2,Zone_13,HIGH,0.6403097461692151
10,0,5,2,21.00891920569673,0,0,0,0,12,1,Zone_13,LOW,0.5735075566319846
11,0,5,2,21.16347871324728,0,0,0,0,12,2,Zone_13,MEDIUM,0.5956631076078782
12,0,5,2,17.301950855283508,0,0,0,0,12,2,Zone_13,MEDIUM,0.5998722777767853
13,0,5,2,20.808034550913053,0,0,0,0,12,2,Zone_13,MEDIUM,0.5930525510977147
14,0,5,2,28.25149512721446,1,0,0,0,12,1,Zone_13,LOW,0.5789372552270345
15,0,5,2,25.6961095209981,0,0,0,0,12,2,Zone_13,MEDIUM,0.6082987032863165
16,0,5,2,23.218261588344795,0,0,0,0,12,2,Zone_13,MEDIUM,0.5719755738397656
17,0,5,2,28.450585582985653,0,0,1,0,12,2,Zone_13,HIGH,0.8215840516938502
18,0,5,2,14.340829375435026,0,0,1,0,12,0,Zone_13,HIGH,0.9070804809851368
19,0,5,2,16.40444556978195,0,0,1,0,12,0,Zone_13,HIGH,0.9004362651227832
20,0,5,2,19.56251931368429,0,0,0,0,12,0,Zone_13,MEDIUM,0.9463443829754445
21,0,5,2,14.394428376511346,0,0,0,0,12,2,Zone_13,MEDIUM,0.5897877523386026
22,0,5,2,22.57643797385528,0,0,0,0,12,1,Zone_13,LOW,0.605614668667822
23,0,5,2,26.452060323038577,0,1,0,0,12,2,Zone_13,HIGH,0.9387286746434573
0,0,5,2,18.34408491562486,0,0,0,0,13,1,Zone_14,LOW,0.9637804354369779
1,0,5,2,18.736701718997498,0,0,0,0,13,1,Zone_14,LOW,0.9595557358523954
2,0,5,2,24.105593341088376,1,1,0,0,13,1,Zone_14,HIGH,0.7463363879365779
3,0,5,2,22.915197502942654,1,0,0,0,13,1,Zone_14,LOW,0.9685379215866022
4,0,5,2,21.3397294963163,1,0,0,0,13,1,Zone_14,LOW,0.9702718846052789
5,0,5,2,18.288218817501434,1,0,0,0,13,1,Zone_14,LOW,0.9646469059213075
6,0,5,2,15.651454055457172,0,0,0,0,13,2,Zone_14,MEDIUM,0.6026104356037074
7,0,5,2,26.189656649141597,1,0,1,0,13,2,Zone_14,HIGH,0.6439978981236927
8,0,5,2,22.613739390071025,0,0,1,0,13,2,Zone_14,HIGH,0.6646677684093245
9,0,5,2,29.11532825817388,0,0,1,0,13,0,Zone_14,HIGH,0.8940244910291315
10,0,5,2,27.363376038836762,0,0,0,0,13,2,Zone_14,MEDIUM,0.607273153555965
11,0,5,2,27.8981634756177,1,0,0,0,13,2,Zone_14,MEDIUM,0.6120885994199627
12,0,5,2,19.70206364342112,0,1,0,0,13,2,Zone_14,HIGH,0.9246061977273027
13,0,5,2,13.449371547209704,0,0,0,0,13,2,Zone_14,MEDIUM,0.600947801989971
14,0,5,2,31.092015445852564,0,0,0,0,13,1,Zone_14,LOW,0.6280130122459409
15,0,5,2,29.714682143667478,1,0,0,0,13,1,Zone_14,LOW,0.5952615265431291
16,0,5,2,24.008340875157728,0,0,0,0,13,2,Zone_14,MEDIUM,0.5788355027780705
17,0,5,2,24.837064849747563,1,1,1,0,13,0,Zone_14,HIGH,0.9750215173885094
18,0,5,2,27.499850661626052,0,0,1,0,13,2,Zone_14,HIGH,0.829984721769368
19,0,5,2,25.106821668038535,0,0,1,0,13,2,Zone_14,HIGH,0.8351963572219949
20,0,5,2,19.23071266219323,0,0,0,0,13,0,Zone_14,MEDIUM,0.936510125530445
21,0,5,2,24.201952470270662,1,0,0,0,13,0,Zone_14,MEDIUM,0.8926580642163654
22,0,5,2,21.082091619707885,0,0,0,0,13,2,Zone_14,MEDIUM,0.5831681347549256
23,0,5,2,20.696467388158222,0,0,0,0,13,1,Zone_14,LOW,0.609029596696686
0,0,5,2,16.83597840431342,0,0,0,0,14,1,Zone_15,LOW,0.9526045518068663
1,0,5,2,16.18624558669157,0,1,0,0,14,1,Zone_15,HIGH,0.7936394189812012
2,0,5,2,22.059323605746776,0,0,0,0,14,1,Zone_15,LOW,0.9656617965185379
3,0,5,2,34.07934624158244,1,0,0,0,14,1,Zone_15,LOW,0.9625187578360752
4,0,5,2,16.222476393658496,0,0,0,0,14,1,Zone_15,LOW,0.9609886299155694
5,0,5,2,18.875502388650773,0,0,0,0,14,1,Zone_15,LOW,0.9709233476150652
6,0,5,2,19.1526231954588,1,0,0,0,14,0,Zone_15,MEDIUM,0.8884556844686109
7,0,5,2,16.168984995523356,0,1,1,0,14,0,Zone_15,HIGH,0.9901388410856984
8,0,5,2,26.04326126058796,0,0,1,0,14,0,Zone_15,HIGH,0.8994007639342614
9,0,5,2,21.065967241774587,0,0,1,0,14,2,Zone_15,HIGH,0.6432484754463502
10,0,5,2,31.89043935731726,0,0,0,0,14,2,Zone_15,MEDIUM,0.5865552359727829
11,0,5,2,23.860338457203035,0,0,0,0,14,0,Zone_15,MEDIUM,0.9466038138547644
12,0,5,2,13.912613651501294,0,0,0,0,14,1,Zone_15,LOW,0.5632719145106356
13,0,5,2,21.75845053336809,0,0,0,0,14,2,Zone_15,MEDIUM,0.5993181912829234
14,0,5,2,23.91007495186675,0,0,0,0,14,2,Zone_15,MEDIUM,0.6068737188739003
15,0,5,2,20.53025721454455,0,1,0,0,14,2,Zone_15,HIGH,0.9341013997375991
16,0,5,2,31.026495048061637,0,0,0,0,14,2,Zone_15,MEDIUM,0.553066516331849
17,0,5,2,22.33937176536269,0,0,1,0,14,0,Zone_15,HIGH,0.90459046716555
18,0,5,2,20.176901455832702,0,0,1,0,14,0,Zone_15,HIGH,0.8400244654331523
19,0,5,2,22.29716131580636,1,0,1,0,14,0,Zone_15,HIGH,0.8769344372732837
20,0,5,2,25.37952969002114,0,0,0,0,14,0,Zone_15,MEDIUM,0.9405025264686645
21,0,5,2,19.724229298230203,1,0,0,0,14,2,Zone_15,MEDIUM,0.5621351433039631
22,0,5,2,23.779716683887475,0,0,0,0,14,2,Zone_15,MEDIUM,0.591210578637386
23,0,5,2,23.91228487809181,0,0,0,0,14,2,Zone_15,MEDIUM,0.6086068868648918
0,0,5,2,17.058062096149094,0,0,0,0,15,1,Zone_16,LOW,0.9528801883060193
1,0,5,2,25.829636035024365,0,0,0,0,15,1,Zone_16,LOW,0.9485908232075942
2,0,5,2,22.20385508524625,0,1,0,0,15,1,Zone_16,HIGH,0.7863331042217011
3,0,5,2,19.61782225194648,0,0,0,0,15,1,Zone_16,LOW,0.9698986958700883
4,0,5,2,20.79923301097611,0,0,0,0,15,1,Zone_16,LOW,0.968042812558774
5,0,5,2,25.540950173206884,0,0,0,0,15,1,Zone_16,LOW,0.9687338160637303
6,0,5,2,19.712764011228753,1,0,0,0,15,0,Zone_16,MEDIUM,0.8574838597807993
7,0,5,2,20.331555094883164,0,0,1,0,15,0,Zone_16,HIGH,0.9101158586982465
8,0,5,2,20.662533054396224,0,0,1,0,15,0,Zone_16,HIGH,0.8929054592806202
9,0,5,2,28.171751400765444,0,0,1,0,15,0,Zone_16,HIGH,0.9061397603908623
10,0,5,2,22.50604566028524,0,0,0,0,15,2,Zone_16,MEDIUM,0.6011712093119749
11,0,5,2,27.782994171242393,0,0,0,0,15,1,Zone_16,LOW,0.574759831096758
12,0,5,2,16.61562105040354,0,0,0,0,15,2,Zone_16,MEDIUM,0.6002657479391422
13,0,5,2,14.69607356079814,0,0,0,0,15,2,Zone_16,MEDIUM,0.5979507707375759
14,0,5,2,26.928591306436324,0,0,0,0,15,2,Zone_16,MEDIUM,0.6018956532883583
15,0,5,2,21.207515562232683,1,0,0,0,15,2,Zone_16,MEDIUM,0.57719736497023
16,0,5,2,26.158447180692168,0,0,0,0,15,0,Zone_16,MEDIUM,0.9417911582497358
17,0,5,2,29.390292631488926,0,0,1,0,15,2,Zone_16,HIGH,0.7622969376139416
18,0,5,2,23.120595552373384,0,0,1,0,15,2,Zone_16,HIGH,0.8431664087654763
19,0,5,2,18.0413960125142,1,1,1,0,15,2,Zone_16,HIGH,0.9784626517640104
20,0,5,2,18.078833541329274,1,1,0,0,15,2,Zone_16,HIGH,0.9122803924161923
21,0,5,2,22.35342182271068,0,0,0,0,15,1,Zone_16,LOW,0.6089777764782824
22,0,5,2,38.41757535743991,1,0,0,0,15,2,Zone_16,MEDIUM,0.4988018180889578
23,0,5,2,20.83829418806511,0,0,0,0,15,1,Zone_16,LOW,0.6051141686588728
0,0,5,2,19.953364408569993,0,0,0,0,16,1,Zone_17,LOW,0.963133019403771
1,0,5,2,22.706120000527903,0,0,0,0,16,1,Zone_17,LOW,0.9615902975523916
2,0,5,2,20.119285150984965,0,0,0,0,16,1,Zone_17,LOW,0.9627178777310798
3,0,5,2,18.154054909967503,1,1,0,0,16,1,Zone_17,HIGH,0.8861617300540878
4,0,5,2,25.14473576852731,0,0,0,0,16,1,Zone_17,LOW,0.9639054148722681
5,0,5,2,28.228147882082308,1,0,0,0,16,1,Zone_17,LOW,0.9605058652481994
6,0,5,2,19.48156407325562,0,0,0,0,16,1,Zone_17,LOW,0.5790305083511247
7,0,5,2,23.250930836279544,0,1,1,0,16,2,Zone_17,HIGH,0.9988136714394169
8,0,5,2,27.76726809055651,0,0,1,0,16,0,Zone_17,HIGH,0.8768291229878445
9,0,5,2,28.069300490765777,0,0,1,0,16,0,Zone_17,HIGH,0.8928803479994124
10,0,5,2,18.820941616282422,1,1,0,0,16,0,Zone_17,HIGH,0.9195145694871915
11,0,5,2,20.60267879009104,0,0,0,0,16,1,Zone_17,LOW,0.5785026969184924
12,0,5,2,26.793372031171483,0,0,0,0,16,0,Zone_17,MEDIUM,0.9501174919147245
13,0,5,2,17.137888997528748,0,0,0,0,16,2,Zone_17,MEDIUM,0.6038339972394682
14,0,5,2,21.201447607435313,1,0,0,0,16,2,Zone_17,MEDIUM,0.5943867677148248
15,0,5,2,22.756304788852873,0,0,0,0,16,0,Zone_17,MEDIUM,0.952742865126587
16,0,5,2,20.907811286676747,0,0,0,0,16,0,Zone_17,MEDIUM,0.9044939604873465
17,0,5,2,22.96227825853461,0,0,1,0,16,0,Zone_17,HIGH,0.8899953624034537
18,0,5,2,18.565111909061155,0,0,1,0,16,0,Zone_17,HIGH,0.9032136315436715
19,0,5,2,13.298699183832428,0,0,1,0,16,0,Zone_17,HIGH,0.9237863602089802
20,0,5,2,22.784288642149505,0,0,0,0,16,2,Zone_17,MEDIUM,0.5910259111990817
21,0,5,2,22.89124830035337,0,0,0,0,16,2,Zone_17,MEDIUM,0.5851214807173792
22,0,5,2,25.24656606449092,0,0,0,0,16,0,Zone_17,MEDIUM,0.9537903910163854
23,0,5,2,14.65723449301703,0,0,0,0,16,2,Zone_17,MEDIUM,0.6030407027927318
0,0,5,2,32.75970582113728,0,0,0,0,17,1,Zone_18,LOW,0.9423499748937795
1,0,5,2,19.94003013197366,0,0,0,0,17,1,Zone_18,LOW,0.9537255144794056
2,0,5,2,14.235561423339625,0,0,0,0,17,1,Zone_18,LOW,0.952978380204708
3,0,5,2,26.83326080307315,0,0,0,0,17,1,Zone_18,LOW,0.9579126122095494
4,0,5,2,24.52048416750571,0,0,0,0,17,1,Zone_18,LOW,0.9572177831907339
5,0,5,2,21.02690691411316,0,0,0,0,17,1,Zone_18,LOW,0.9583010978893947
6,0,5,2,15.421900155604233,0,0,0,0,17,1,Zone_18,LOW,0.5673596562405276
7,0,5,2,28.175839220069054,0,1,1,0,17,2,Zone_18,HIGH,0.9888136714394169
8,0,5,2,22.076466071374888,0,1,1,0,17,0,Zone_18,HIGH,0.9918523192831019
9,0,5,2,23.519898514857093,1,0,1,0,17,0,Zone_18,HIGH,0.8061699490870509
10,0,5,2,22.714817030857052,0,0,0,0,17,2,Zone_18,MEDIUM,0.6096404125272116
11,0,5,2,15.70657091550227,1,1,0,0,17,0,Zone_18,HIGH,0.9289479789127155
12,0,5,2,23.735907748395505,0,0,0,0,17,0,Zone_18,MEDIUM,0.9249633422986844
13,0,5,2,23.07250357428191,0,0,0,0,17,1,Zone_18,LOW,0.6056333078880186
14,0,5,2,23.87541767649612,0,0,0,0,17,0,Zone_18,MEDIUM,0.946743257574441
15,0,5,2,20.35732045222288,1,0,0,0,17,1,Zone_18,LOW,0.6020916055240956
16,0,5,2,15.65374733382496,0,0,0,0,17,1,Zone_18,LOW,0.5817472724832712
17,0,5,2,14.850822305543762,0,0,1,0,17,2,Zone_18,HIGH,0.7878998339060008
18,0,5,2,25.41670862988081,1,0,1,0,17,2,Zone_18,HIGH,0.7483971317912281
19,0,5,2,28.63164648122575,0,0,1,0,17,0,Zone_18,HIGH,0.889441134239565
20,0,5,2,22.29464604906555,0,0,0,0,17,0,Zone_18,MEDIUM,0.9505317344709612
21,0,5,2,16.563978463057232,0,0,0,0,17,2,Zone_18,MEDIUM,0.5852205706508843
22,0,5,2,27.941482631067718,0,0,0,0,17,2,Zone_18,MEDIUM,0.5792988131711848
23,0,5,2,24.332193083571887,0,0,0,0,17,1,Zone_18,LOW,0.5919273195769265
0,0,5,2,27.504654463045917,0,0,0,0,18,1,Zone_19,LOW,0.9525969030989287
1,0,5,2,23.924177290817514,0,0,0,0,18,1,Zone_19,LOW,0.953715746676532
2,0,5,2,17.0826051959629,0,0,0,0,18,1,Zone_19,LOW,0.9420203335407851
3,0,5,2,16.9141880578207,1,0,0,0,18,1,Zone_19,LOW,0.9572174262462257
4,0,5,2,22.271799819522354,0,0,0,0,18,1,Zone_19,LOW,0.9463531695431251
5,0,5,2,23.967264702946412,0,0,0,0,18,1,Zone_19,LOW,0.9609321289631323
6,0,5,2,27.54755187382549,0,0,0,0,18,2,Zone_19,MEDIUM,0.5892726193519794
7,0,5,2,23.52837500523639,1,1,1,0,18,0,Zone_19,HIGH,0.9850215173885094
8,0,5,2,13.302763247741828,1,1,1,0,18,0,Zone_19,HIGH,0.9759928122573678
9,0,5,2,15.249300667757915,0,0,1,0,18,2,Zone_19,HIGH,0.6324607938713394
10,0,5,2,26.66619501113185,0,0,0,0,18,1,Zone_19,LOW,0.5670066456713266
11,0,5,2,13.082926295186079,0,0,0,0,18,2,Zone_19,MEDIUM,0.5955715074064383
12,0,5,2,22.492662743403805,0,0,0,0,18,2,Zone_19,MEDIUM,0.5860701134002082
13,0,5,2,30.175762444748663,0,1,0,0,18,2,Zone_19,HIGH,0.9490280991838328
14,0,5,2,19.97488375946645,0,0,0,0,18,2,Zone_19,MEDIUM,0.5818535444033293
15,0,5,2,16.27726012677086,0,0,0,0,18,0,Zone_19,MEDIUM,0.929553569501579
16,0,5,2,22.806627303614157,0,0,0,0,18,1,Zone_19,LOW,0.6125908983246142
17,0,5,2,22.36976363173046,0,0,1,0,18,0,Zone_19,HIGH,0.9037999673657025
18,0,5,2,20.2842398157571,1,0,1,0,18,0,Zone_19,HIGH,0.8531137385827673
19,0,5,2,25.003155041874944,0,0,1,0,18,0,Zone_19,HIGH,0.9140910447637141
20,0,5,2,16.220019765955378,0,0,0,0,18,1,Zone_19,LOW,0.5506575322802842
21,0,5,2,29.49602831673402,0,0,0,0,18,1,Zone_19,LOW,0.5802266471658928
22,0,5,2,17.540199459837602,0,0,0,0,18,1,Zone_19,LOW,0.5914513483305042
23,0,5,2,23.686893454604753,0,0,0,0,18,2,Zone_19,MEDIUM,0.5655886974152398
0,0,5,2,27.524110112546147,0,0,0,0,19,1,Zone_20,LOW,0.9573564543492448
1,0,5,2,15.18346276673099,1,0,0,0,19,1,Zone_20,LOW,0.951340265213977
2,0,5,2,25.69306651705327,0,0,0,0,19,1,Zone_20,LOW,0.9541855859948594
3,0,5,2,27.48336867348909,0,0,0,0,19,1,Zone_20,LOW,0.9466959829934788
4,0,5,2,31.333549248663843,0,0,0,0,19,1,Zone_20,LOW,0.9377738016353147
5,0,5,2,21.541102524524902,0,1,0,0,19,1,Zone_20,HIGH,0.8081246684570031
6,0,5,2,20.656028098072923,0,0,0,0,19,2,Zone_20,MEDIUM,0.5525442383346555
7,0,5,2,22.121713701855548,0,0,1,0,19,0,Zone_20,HIGH,0.9167695372908939
8,0,5,2,20.35932705925915,1,0,1,0,19,2,Zone_20,HIGH,0.732940461496214
9,0,5,2,15.942904533534042,1,0,1,0,19,0,Zone_20,HIGH,0.8672227741010186
10,0,5,2,22.214627789759447,0,0,0,0,19,1,Zone_20,LOW,0.5744919963946689
11,0,5,2,13.933320668689829,0,0,0,0,19,1,Zone_20,LOW,0.5532940100213277
12,0,5,2,16.933264922669018,0,0,0,0,19,2,Zone_20,MEDIUM,0.5912539649714
13,0,5,2,25.69238503696978,0,0,0,0,19,0,Zone_20,MEDIUM,0.9498938954239224
14,0,5,2,17.569390743164963,0,0,0,0,19,1,Zone_20,LOW,0.5962138962050713
15,0,5,2,21.12104068734604,0,0,0,0,19,2,Zone_20,MEDIUM,0.5750925467865676
16,0,5,2,15.82253965992186,0,1,0,0,19,1,Zone_20,HIGH,0.9167628991303971
17,0,5,2,21.047098732098075,0,1,1,0,19,0,Zone_20,HIGH,0.9882988202811245
18,0,5,2,18.975526201516647,0,0,1,0,19,2,Zone_20,HIGH,0.8386499060546264
19,0,5,2,11.691581319961164,0,0,1,0,19,0,Zone_20,HIGH,0.9267123124087954
20,0,5,2,15.715746971113592,0,0,0,0,19,0,Zone_20,MEDIUM,0.9237279984257946
21,0,5,2,22.614448912304987,1,0,0,0,19,2,Zone_20,MEDIUM,0.5413536899752562
22,0,5,2,14.23754372812255,0,0,0,0,19,1,Zone_20,LOW,0.5783348934602636
23,0,5,2,16.101870823919455,1,0,0,0,19,0,Zone_20,MEDIUM,0.8731205782137104
