zone_id,high_demand_hours,avg_confidence
Zone_01,9,0.7571963136417657
Zone_04,9,0.9051401198273309
Zone_07,9,0.8092222662226335
Zone_05,9,0.8449998837337591
Zone_11,9,0.8162849262834855
Zone_09,9,0.858517067144257
Zone_10,9,0.8593985049580424
Zone_02,8,0.8680731636525265
Zone_03,8,0.8936002027802724
Zone_06,8,0.8937317904094266
Zone_08,8,0.8846744319213261
Zone_12,8,0.8251706366516902
Zone_14,8,0.8142294174507377
Zone_15,8,0.8602597836321371
Zone_16,8,0.8739625716438814
Zone_17,8,0.9113993495155073
Zone_20,8,0.8744351724025091
Zone_13,7,0.8440522530304493
Zone_18,7,0.8773602883798685
Zone_19,7,0.8876439962018905
